Analyst,mid,Pre-Intermediate,4.0,1093,2025-09-22T17:48:26.068043
Analyst,mid,Pre-Intermediate,4.0,1093,2025-09-22T17:50:53.647550+00:00
Analyst,mid,Pre-Intermediate,4.0,1093,2025-09-22T17:51:15.283582+00:00
Analyst,,Pre-Intermediate,4.0,1093,2025-09-22T17:51:24.072981+00:00
Analyst,0,Pre-Intermediate,4.0,1093,2025-09-22T17:51:53.275702+00:00
Analyst,Mid-Level,Pre-Intermediate,4.0,1093,2025-09-22T17:52:50.798982+00:00
Analyst,Mid-level,Pre-Intermediate,4.0,2088,2025-09-22T18:13:29.145189+00:00
Analyst,Mid-level,Pre-Intermediate,4.0,2088,2025-09-22T18:17:28.422549+00:00
Analyst,Senior-level,Pre-Intermediate,4.0,3982,2025-09-22T18:18:17.366870+00:00
Analyst,Mid-level,Pre-Intermediate,4.0,2088,2025-09-22T18:18:41.298125+00:00
Analyst,Mid-level,Pre-Intermediate,4.0,2088,2025-09-22T18:26:46.259573+00:00
Analyst,Mid-level,Pre-Intermediate,4.0,2088,2025-09-30T09:08:37.281533+00:00
Analyst,Mid-level,Pre-Intermediate,4.0,2088,2025-09-30T09:08:54.782115+00:00
Analyst,Mid-level,Pre-Intermediate,4.0,2088,2025-10-01T07:14:51.280731+00:00
Analyst,Mid-level,Pre-Intermediate,4.0,2088,2025-10-01T07:15:26.803965+00:00
Analyst,Mid-level,Pre-Intermediate,4.0,2088,2025-10-01T07:16:27.017149+00:00
